student_id,hours_studied,attendance_rate,test_prep,parental_education,previous_score,final_score
1,5.99,0.95,completed,high_school,78.69,75.45
2,4.72,0.9,none,high_school,28.9,35.13
3,6.3,0.88,none,high_school,54.86,44.28
4,8.05,0.88,completed,high_school,54.43,67.39
5,4.53,0.74,none,high_school,38.89,39.54
6,4.53,0.72,completed,high_school,48.33,68.41
7,8.16,0.92,none,high_school,43.34,50.86
8,6.53,0.92,completed,bachelor,86.28,81.27
9,4.06,0.95,none,none,74.04,54.97
10,6.09,0.97,completed,high_school,79.07,84.43
11,4.07,0.8,none,high_school,70.83,66.13
12,4.07,0.8,completed,master,43.06,53.06
13,5.48,0.92,none,high_school,52.13,47.41
14,1.17,0.86,none,high_school,67.34,49.96
15,1.55,0.88,completed,master,41.67,55.15
16,3.88,0.92,none,bachelor,70.69,63.92
17,2.97,0.96,completed,bachelor,56.4,64.87
18,5.63,0.74,completed,high_school,54.38,60.75
19,3.18,0.75,none,high_school,70.66,51.22
20,2.18,0.64,completed,bachelor,66.66,63.23
21,7.93,0.83,none,master,54.59,60.45
22,4.55,0.61,completed,high_school,77.39,68.71
23,5.14,0.79,none,high_school,43.78,50.37
24,2.15,0.82,none,high_school,69.24,53.02
25,3.91,0.71,completed,bachelor,68.9,71.38
26,5.22,0.84,completed,high_school,55.36,68.12
27,2.7,0.61,none,high_school,64.89,40.66
28,5.75,0.61,completed,high_school,41.23,56.89
29,3.8,0.93,none,high_school,73.86,61.19
30,4.42,0.74,none,high_school,57.23,40.98
31,3.8,0.65,none,high_school,52.16,42.97
32,8.7,0.81,none,bachelor,75.74,62.1
33,4.97,0.91,none,high_school,49.43,48.1
34,2.88,0.69,none,high_school,38.87,42.28
35,6.65,0.85,completed,high_school,36.65,62.6
36,2.56,0.63,completed,high_school,69.09,58.46
37,5.42,0.62,completed,high_school,40.79,47.07
38,1.08,0.81,none,none,86.32,53.59
39,2.34,0.82,none,high_school,28.77,36.19
40,5.39,0.85,completed,high_school,85.45,88.36
41,6.48,0.89,completed,none,63.17,69.26
42,5.34,0.99,none,master,58.55,54.96
43,4.77,0.81,completed,high_school,51.83,62.76
44,4.4,0.73,completed,bachelor,65.99,73.16
45,2.04,0.92,completed,high_school,59.44,58.73
46,3.56,0.71,completed,bachelor,76.55,66.57
47,4.08,0.78,completed,bachelor,61.71,66.05
48,7.11,0.63,none,high_school,62.25,53.28
49,5.69,0.61,completed,high_school,54.55,57.84
50,1.47,0.99,completed,high_school,59.15,60.34
51,5.65,0.93,none,high_school,64.62,61.78
52,4.23,0.88,none,master,34.35,34.04
53,3.65,0.76,none,bachelor,39.78,39.05
54,6.22,0.67,completed,master,71.15,64.65
55,7.06,0.66,completed,high_school,62.56,74.92
56,6.86,0.7,none,bachelor,57.24,42.04
57,3.32,0.82,none,master,60.28,42.44
58,4.38,0.89,none,high_school,65.21,53.84
59,5.66,0.86,completed,none,51.9,73.91
60,6.95,0.71,completed,bachelor,48.33,63.1
61,4.04,0.98,completed,high_school,62.94,63.4
62,4.63,0.9,none,bachelor,45.32,56.72
63,2.79,0.82,none,high_school,66.12,37.83
64,2.61,0.84,none,bachelor,34.46,22.19
65,6.63,0.77,none,high_school,75.44,61.02
66,7.71,0.7,completed,high_school,67.09,68.74
67,4.86,0.74,completed,high_school,63.84,58.17
68,7.01,0.9,completed,bachelor,74.74,80.93
69,5.72,0.61,completed,bachelor,84.98,72.71
70,3.71,0.65,none,high_school,75.22,45.22
71,5.72,0.62,completed,high_school,32.39,45.35
72,8.08,0.62,completed,bachelor,40.81,67.12
73,4.93,0.94,completed,high_school,50.63,67.75
74,8.13,0.88,none,bachelor,60.39,58.47
75,0.0,0.79,none,high_school,67.76,50.6
76,6.64,0.64,none,high_school,49.11,40.17
77,5.17,0.8,completed,high_school,62.8,56.75
78,4.4,0.79,completed,high_school,48.67,54.68
79,5.18,0.67,none,bachelor,50.83,43.87
80,1.02,0.77,completed,high_school,38.9,48.03
81,4.56,0.76,completed,high_school,46.15,56.31
82,5.71,0.85,none,bachelor,39.72,47.29
83,7.96,0.85,none,high_school,45.36,45.27
84,3.96,0.62,completed,high_school,75.8,72.49
85,3.38,0.75,none,master,45.76,38.97
86,4.0,0.85,completed,bachelor,99.49,83.53
87,6.83,0.8,none,high_school,67.4,58.72
88,5.66,0.94,completed,master,62.77,72.66
89,3.94,0.86,none,bachelor,47.12,46.96
90,6.03,0.67,none,high_school,70.5,55.84
91,5.19,0.63,completed,high_school,51.37,62.41
92,6.94,0.86,none,bachelor,61.83,64.17
93,3.6,0.61,none,bachelor,98.4,56.82
94,4.34,0.83,none,high_school,58.56,52.2
95,4.22,0.98,completed,bachelor,77.24,71.65
96,2.07,0.83,completed,bachelor,49.45,62.72
97,5.59,0.76,completed,high_school,59.48,60.93
98,5.52,0.86,none,high_school,86.56,72.1
99,5.01,0.78,none,high_school,50.6,45.59
100,4.53,0.82,none,bachelor,87.19,49.66
101,2.17,0.98,none,none,70.62,50.51
102,4.16,0.75,none,high_school,51.56,39.36
103,4.31,0.98,none,bachelor,69.49,59.74
104,3.4,0.96,none,bachelor,74.59,49.89
105,4.68,0.68,completed,high_school,69.33,61.89
106,5.81,0.63,none,bachelor,36.45,28.55
107,8.77,0.64,none,high_school,49.09,49.19
108,5.35,0.61,completed,bachelor,56.29,45.73
109,5.52,0.64,none,high_school,58.88,37.7
110,4.85,0.87,completed,high_school,69.31,73.35
111,1.16,0.63,completed,bachelor,62.67,57.15
112,4.95,0.73,completed,high_school,39.97,58.52
113,5.12,0.94,none,high_school,65.7,48.79
114,9.93,0.61,completed,bachelor,69.16,75.94
115,4.62,0.93,none,bachelor,68.4,54.07
116,5.6,0.71,none,bachelor,76.21,47.92
117,4.93,0.65,none,bachelor,72.51,59.72
118,2.66,0.88,completed,high_school,66.89,67.93
119,7.29,0.85,none,high_school,58.95,54.53
120,6.5,0.95,none,high_school,35.09,47.69
121,6.58,0.89,completed,high_school,66.44,73.75
122,3.18,0.92,none,master,63.12,36.19
123,7.81,0.71,none,high_school,64.07,54.67
124,2.2,0.67,none,high_school,40.85,29.11
125,6.17,0.9,none,high_school,43.78,42.74
126,9.38,0.92,none,master,75.8,66.69
127,3.02,1.0,none,high_school,59.41,59.13
128,3.87,0.77,completed,high_school,70.22,68.5
129,5.2,0.75,none,high_school,60.42,45.72
130,3.99,0.91,none,bachelor,60.45,52.77
131,1.9,0.74,completed,none,74.07,68.87
132,5.14,0.97,none,bachelor,52.26,56.09
133,2.88,0.94,completed,master,61.44,62.86
134,5.95,0.77,none,high_school,53.07,44.97
135,3.16,0.9,none,bachelor,53.48,48.81
136,8.1,0.9,none,master,55.36,59.99
137,3.43,0.64,none,bachelor,63.33,48.91
138,4.36,0.96,none,high_school,52.82,52.4
139,6.63,0.8,none,high_school,78.84,66.47
140,2.54,0.93,none,bachelor,46.58,38.04
141,5.45,0.73,none,high_school,57.2,56.15
142,7.61,0.96,none,bachelor,53.4,58.1
143,1.79,0.76,none,master,81.7,60.72
144,5.37,0.6,none,master,62.95,43.32
145,5.52,0.96,none,high_school,75.48,69.83
146,6.56,0.64,completed,high_school,37.72,58.59
147,2.53,0.73,none,master,64.01,39.42
148,2.36,0.98,completed,bachelor,73.34,63.27
149,6.04,0.98,completed,high_school,61.23,69.21
150,5.59,0.83,none,master,75.98,59.71
151,5.5,0.85,completed,bachelor,52.24,67.17
152,5.69,0.78,completed,high_school,81.14,69.78
153,3.64,0.72,none,high_school,94.48,56.42
154,5.46,0.73,none,high_school,54.56,60.2
155,5.59,0.87,completed,none,53.32,75.4
156,3.57,0.9,completed,high_school,81.8,73.17
157,8.73,0.92,none,bachelor,83.69,69.74
158,5.95,0.92,none,none,52.16,52.25
159,2.62,0.64,none,high_school,53.7,41.83
160,6.31,0.8,none,high_school,55.77,45.16
161,3.05,0.62,completed,high_school,39.83,47.42
162,6.57,0.82,none,master,46.22,38.99
163,7.32,0.78,none,high_school,44.94,52.02
164,3.36,0.96,completed,high_school,48.48,63.45
165,6.93,0.74,none,bachelor,59.48,50.04
166,5.83,0.65,none,high_school,63.51,59.25
167,6.64,0.66,completed,high_school,83.26,66.59
168,8.79,0.9,completed,high_school,45.02,61.95
169,4.51,0.85,none,high_school,74.76,55.79
170,3.49,0.64,none,high_school,56.79,47.68
171,3.22,0.63,none,high_school,59.26,51.49
172,3.37,0.88,none,high_school,70.12,47.81
173,4.85,0.63,none,master,43.16,46.3
174,5.68,0.93,none,high_school,65.74,55.58
175,5.55,0.88,none,high_school,62.5,52.31
176,6.65,0.63,none,bachelor,67.39,58.11
177,5.03,0.63,none,none,64.34,51.61
178,7.91,0.99,none,bachelor,96.83,64.01
179,4.47,0.75,none,high_school,50.43,52.68
180,10.44,0.75,none,master,52.04,67.59
181,6.25,0.93,none,high_school,50.65,48.2
182,3.29,0.98,completed,high_school,51.67,63.28
183,2.86,0.99,none,none,50.44,47.57
184,5.96,0.9,completed,master,77.84,76.71
185,4.55,0.75,completed,high_school,81.31,66.53
186,6.43,0.63,none,high_school,51.44,42.65
187,5.95,0.91,none,none,47.51,49.55
188,4.85,0.82,none,bachelor,67.07,59.04
189,3.31,0.77,none,high_school,51.72,45.04
190,1.97,0.96,completed,bachelor,69.49,61.22
191,4.11,0.64,none,high_school,63.04,49.77
192,6.71,0.8,none,high_school,37.26,28.72
193,5.43,0.6,none,none,83.21,61.59
194,2.51,0.79,none,high_school,86.94,42.07
195,5.35,0.62,completed,high_school,50.81,56.38
196,5.77,0.65,none,none,54.18,39.67
197,3.23,0.65,none,bachelor,64.29,35.81
198,5.31,0.86,completed,high_school,65.02,75.2
199,5.12,0.9,completed,high_school,69.88,67.45
200,2.71,0.83,none,high_school,90.15,57.01
